<?xml version="1.0" encoding="UTF-8"?>

<atlassian-plugin key="${atlassian.plugin.key}" name="${project.name}" plugins-version="2"> 
  <plugin-info> 
    <description>${project.description}</description>  
    <version>${project.version}</version>  
    <vendor name="${project.organization.name}" url="${project.organization.url}"/>  
    <param name="plugin-icon">images/pluginIcon.png</param>  
    <param name="plugin-logo">images/pluginLogo.png</param> 
  </plugin-info>  
  <!-- add our i18n resource -->  
  <resource type="i18n" name="i18n" location="DemoGadget"/>  
  <!-- add our web resources -->  
  <web-resource key="DemoGadget-resources" name="DemoGadget Web Resources"> 
    <dependency>com.atlassian.auiplugin:ajs</dependency>  
    <resource type="download" name="DemoGadget.css" location="/css/DemoGadget.css"/>  
    <resource type="download" name="DemoGadget.js" location="/js/DemoGadget.js"/>  
    <resource type="download" name="images/" location="/images"/>  
    <context>DemoGadget</context> 
  </web-resource>  
  <gadget name="MyGadget" i18n-name-key="my-gadget.name" key="my-gadget" location="gadgets/my-gadget/gadget.xml"> 
    <description key="my-gadget.description">The MyGadget Plugin</description> 
  </gadget>
  
  <resource type="download" name="i18n/ALL_ALL.xml" location="i18n/ALL_ALL.xml">
  	<param name="content-type" value="text/xml; charset=UTF-8"/>
  </resource>

  <resource type="download" name="i18n/en_UK.xml" location="i18n/en_UK.xml">
  	<param name="content-type" value="text/xml; charset=UTF-8"/>
  </resource>
  
  <resource type="download" name="thumbnail.png" location="/images/thumbnail.png"/>
</atlassian-plugin>














