<?xml version="1.0" encoding="UTF-8"?>

<atlassian-plugin key="${atlassian.plugin.key}" name="${project.name}" plugins-version="2"> 
  <plugin-info> 
    <description>${project.description}</description>  
    <version>${project.version}</version>  
    <vendor name="${project.organization.name}" url="${project.organization.url}"/>  
    <param name="plugin-icon">images/pluginIcon.png</param>  
    <param name="plugin-logo">images/pluginLogo.png</param> 
  </plugin-info>  
  <!-- add our i18n resource -->  
  <resource type="i18n" name="i18n" location="demoplugin"/>  
  <!-- add our web resources -->  
  <web-resource key="demoplugin-resources" name="demoplugin Web Resources"> 
    <dependency>com.atlassian.auiplugin:ajs</dependency>  
    <resource type="download" name="demoplugin.css" location="/css/demoplugin.css"/>  
    <resource type="download" name="demoplugin.js" location="/js/demoplugin.js"/>  
    <resource type="download" name="images/" location="/images"/>  
    <context>demoplugin</context>  
    <context>atl.general</context> 
  </web-resource>  
  <web-item name="demoWebItem" i18n-name-key="demo-web-item.name" key="demo-web-item" section="system.top.navigation.bar" weight="1000"> 
    <description key="demo-web-item.description">The demoWebItem Plugin</description>  
    <label key="demo-web-item.label"/>  
    <link linkId="demo-web-item-link">https://www.consulseer.com</link> 
  </web-item>  
  <web-resource name="demoplugin2.css" i18n-name-key="demoplugin-2.css.name" key="demoplugin-2.css"> 
    <description key="demoplugin-2.css.description">The demoplugin2.css Plugin</description>  
    <resource name="demoplugincss" type="download" location="/css/demoplugin2.css"/> 
  </web-resource>
</atlassian-plugin>
