<?xml version="1.0" encoding="UTF-8"?>

<atlassian-plugin key="${atlassian.plugin.key}" name="${project.name}" plugins-version="2"> 
  <plugin-info> 
    <description>${project.description}</description>  
    <version>${project.version}</version>  
    <vendor name="${project.organization.name}" url="${project.organization.url}"/>  
    <param name="plugin-icon">images/pluginIcon.png</param>  
    <param name="plugin-logo">images/pluginLogo.png</param> 
  </plugin-info>  
  <!-- add our i18n resource -->  
  <resource type="i18n" name="i18n" location="DemoReport"/>  
  <!-- add our web resources -->  
  <web-resource key="DemoReport-resources" name="DemoReport Web Resources"> 
    <dependency>com.atlassian.auiplugin:ajs</dependency>  
    <resource type="download" name="DemoReport.css" location="/css/DemoReport.css"/>  
    <resource type="download" name="DemoReport.js" location="/js/DemoReport.js"/>  
    <resource type="download" name="images/" location="/images"/>  
    <context>DemoReport</context> 
  </web-resource>  
  <report name="Issue Summary Report" i18n-name-key="issue-summary-report.name" key="issue-summary-report" class="com.consulseer.com.IssueSummaryReport"> 
    <description key="issue-summary-report.description">The Issue Summary Report Plugin</description>  
    <resource name="view" type="velocity" location="/templates/reports/issue-summary-report/view.vm"/>  
    <resource name="i18n" type="i18n" location="IssueSummaryReport"/>  
    <label key="issue-summary-report.label"></label>  
	<category key="issue.analysis" /> 
    <!-- the properties of this report which the user must select before running it -->  
    <!-- Uncomment and edit properties...-->
    <properties>
        <property>
            <key>projectId</key>
            <name>report.issuesummary.projectid.name</name>
            <description>report.issuesummary.projectid.description</description>
            <type>filterprojectpicker</type>
        </property>
    </properties>
     
  </report>
</atlassian-plugin>
